"Product_ID";"Name";"Price";"Description"
"0001";"Meat Lovers Pizza";18.0;"Large pizza with sausage, bacon, and pepperoni"
"0002";"Cheese Pizza";15.0;"Large cheese pizza with no other toppings"
"0003";"Steak and Cheese Sub";9.0;"12 inch sub with shaved steak and your choice of cheese and other toppings"
"0004";"Pepperoni Pizza";16.0;"Large pizza with pepperonis"
"0005";"8 piece buffalo wings";9.0;"8 piece bone in wings covered in our buffalo sauce"
"0006";"Loaded Fried";5.0;"Fries covered in pizza cheese and bacon"
